timestamp,spc,co2
2022-01-01 00:00:00,846.28,7.072
2022-01-01 01:00:00,856.86,9.694
2022-01-01 02:00:00,875.23,13.472
2022-01-01 03:00:00,870.08,13.297
2022-01-01 04:00:00,852.47,7.741
2022-01-01 05:00:00,866.63,12.75
2022-01-01 06:00:00,853.12,8.336
2022-01-01 07:00:00,864.79,13.743
2022-01-01 08:00:00,876.87,14.803
2022-01-01 09:00:00,842.84,9.177
2022-01-01 10:00:00,845.8,8.969
2022-01-01 11:00:00,858.39,8.636
2022-01-01 12:00:00,884.73,19.249
2022-01-01 13:00:00,866.9,11.872
2022-01-01 14:00:00,849.48,10.297
2022-01-01 15:00:00,860.66,10.935
2022-01-01 16:00:00,859.34,11.879
2022-01-01 17:00:00,880.15,16.767
2022-01-01 18:00:00,859.47,10.792
2022-01-01 19:00:00,875.67,15.653
2022-01-01 20:00:00,864.63,12.673
2022-01-01 21:00:00,862.81,11.41
2022-01-01 22:00:00,865.43,11.806
2022-01-01 23:00:00,843.45,8.222
2022-01-02 00:00:00,887.08,16.556
2022-01-02 01:00:00,882.04,15.503
2022-01-02 02:00:00,884.55,15.199
2022-01-02 03:00:00,898.3,21.247
2022-01-02 04:00:00,847.46,9.934
2022-01-02 05:00:00,865.9,13.515
2022-01-02 06:00:00,881.51,16.952
2022-01-02 07:00:00,922.71,23.754
2022-01-02 08:00:00,843.14,7.262
2022-01-02 09:00:00,878.25,15.634
2022-01-02 10:00:00,884.28,16.545
2022-01-02 11:00:00,855.67,10.074
2022-01-02 12:00:00,847.85,9.701
2022-01-02 13:00:00,864.67,14.103
2022-01-02 14:00:00,885.06,16.255
2022-01-02 15:00:00,856.26,10.02
2022-01-02 16:00:00,858.13,10.745
2022-01-02 17:00:00,868.22,13.587
2022-01-02 18:00:00,892.11,19.1
2022-01-02 19:00:00,850.89,8.378
2022-01-02 20:00:00,925.27,26.573
2022-01-02 21:00:00,890.52,20.302
2022-01-02 22:00:00,854.77,9.686
2022-01-02 23:00:00,882.48,17.686
2022-01-03 00:00:00,894.64,16.885
2022-01-03 01:00:00,896.62,21.233
2022-01-03 02:00:00,858.28,10.001
2022-01-03 03:00:00,877.97,16.557
2022-01-03 04:00:00,866.25,12.208
2022-01-03 05:00:00,871.53,11.701
2022-01-03 06:00:00,883.19,16.619
2022-01-03 07:00:00,883.41,17.491
2022-01-03 08:00:00,855.62,10.325
2022-01-03 09:00:00,915.99,24.003
2022-01-03 10:00:00,881.88,15.749
2022-01-03 11:00:00,876.28,13.447
2022-01-03 12:00:00,854.18,10.086
2022-01-03 13:00:00,859.13,12.636
2022-01-03 14:00:00,846.07,10.756
2022-01-03 15:00:00,889.71,18.973
2022-01-03 16:00:00,887.99,16.637
2022-01-03 17:00:00,895.91,17.478
2022-01-03 18:00:00,871.42,12.547
2022-01-03 19:00:00,874.22,12.839
2022-01-03 20:00:00,877.39,15.734
2022-01-03 21:00:00,878.53,16.197
2022-01-03 22:00:00,857.82,10.005
2022-01-03 23:00:00,892.39,17.094
2022-01-04 00:00:00,901.09,19.437
2022-01-04 01:00:00,851.22,7.391
2022-01-04 02:00:00,872.12,15.484
2022-01-04 03:00:00,912.6,24.994
2022-01-04 04:00:00,868.57,15.602
2022-01-04 05:00:00,850.63,9.553
2022-01-04 06:00:00,857.19,12.147
2022-01-04 07:00:00,849.33,9.691
2022-01-04 08:00:00,861.78,10.783
2022-01-04 09:00:00,841.9,5.781
2022-01-04 10:00:00,874.62,13.846
2022-01-04 11:00:00,904.25,18.796
2022-01-04 12:00:00,863.36,11.803
2022-01-04 13:00:00,870.71,14.546
2022-01-04 14:00:00,903.32,25.036
2022-01-04 15:00:00,870.36,11.615
2022-01-04 16:00:00,882.61,18.127
2022-01-04 17:00:00,873.48,14.969
2022-01-04 18:00:00,844.27,6.968
2022-01-04 19:00:00,892.14,18.129
2022-01-04 20:00:00,853.59,10.316
2022-01-04 21:00:00,911.51,21.4
2022-01-04 22:00:00,856.37,9.208
2022-01-04 23:00:00,908.82,24.354
2022-01-05 00:00:00,882.78,18.119
2022-01-05 01:00:00,872.99,15.929
2022-01-05 02:00:00,880.01,13.366
2022-01-05 03:00:00,878.54,11.88
2022-01-05 04:00:00,846.41,7.468
2022-01-05 05:00:00,929.4,26.986
2022-01-05 06:00:00,880.54,16.772
2022-01-05 07:00:00,900.83,18.965
2022-01-05 08:00:00,874.08,13.765
2022-01-05 09:00:00,903.7,21.812
2022-01-05 10:00:00,850.78,9.176
2022-01-05 11:00:00,874.72,14.057
2022-01-05 12:00:00,850.92,8.702
2022-01-05 13:00:00,886.19,17.709
2022-01-05 14:00:00,886.78,21.408
2022-01-05 15:00:00,862.66,11.914
2022-01-05 16:00:00,847.64,9.079
2022-01-05 17:00:00,900.39,19.241
2022-01-05 18:00:00,883.74,15.109
2022-01-05 19:00:00,862.15,9.592
2022-01-05 20:00:00,848.25,7.776
2022-01-05 21:00:00,847.06,9.216
2022-01-05 22:00:00,869.82,12.079
2022-01-05 23:00:00,868.51,13.586
2022-01-06 00:00:00,886.59,16.56
2022-01-06 01:00:00,874.23,13.453
2022-01-06 02:00:00,845.37,7.74
2022-01-06 03:00:00,853.72,12.432
2022-01-06 04:00:00,901.58,23.09
2022-01-06 05:00:00,840.21,6.646
2022-01-06 06:00:00,854.34,6.122
2022-01-06 07:00:00,889.05,14.52
2022-01-06 08:00:00,881.51,16.186
2022-01-06 09:00:00,888.62,18.753
2022-01-06 10:00:00,852.81,10.75
2022-01-06 11:00:00,884.28,15.986
2022-01-06 12:00:00,866.04,11.801
2022-01-06 13:00:00,873.9,11.79
2022-01-06 14:00:00,878.0,16.959
2022-01-06 15:00:00,893.76,20.289
2022-01-06 16:00:00,858.86,8.349
2022-01-06 17:00:00,899.69,20.286
2022-01-06 18:00:00,846.47,6.645
2022-01-06 19:00:00,858.43,9.743
2022-01-06 20:00:00,868.35,13.961
2022-01-06 21:00:00,864.78,10.943
2022-01-06 22:00:00,894.5,16.624
2022-01-06 23:00:00,889.05,15.681
2022-01-07 00:00:00,877.55,15.081
2022-01-07 01:00:00,861.4,9.207
2022-01-07 02:00:00,914.83,24.989
2022-01-07 03:00:00,862.48,12.143
2022-01-07 04:00:00,890.66,20.295
2022-01-07 05:00:00,904.49,18.985
2022-01-07 06:00:00,859.95,12.424
2022-01-07 07:00:00,857.57,9.453
2022-01-07 08:00:00,891.85,16.107
2022-01-07 09:00:00,844.91,10.414
2022-01-07 10:00:00,860.9,12.589
2022-01-07 11:00:00,869.27,16.182
2022-01-07 12:00:00,924.48,26.553
2022-01-07 13:00:00,858.8,9.929
2022-01-07 14:00:00,841.8,5.807
2022-01-07 15:00:00,887.9,15.191
2022-01-07 16:00:00,892.77,16.539
2022-01-07 17:00:00,869.52,14.329
2022-01-07 18:00:00,880.12,17.477
2022-01-07 19:00:00,924.1,25.991
2022-01-07 20:00:00,866.82,13.343
2022-01-07 21:00:00,873.69,12.782
2022-01-07 22:00:00,900.08,23.09
2022-01-07 23:00:00,860.14,10.349
2022-01-08 00:00:00,850.98,10.784
2022-01-08 01:00:00,893.45,16.101
2022-01-08 02:00:00,911.87,23.088
2022-01-08 03:00:00,845.63,10.073
2022-01-08 04:00:00,862.49,11.83
2022-01-08 05:00:00,867.36,14.697
2022-01-08 06:00:00,890.55,19.654
2022-01-08 07:00:00,865.77,11.908
2022-01-08 08:00:00,867.22,12.665
2022-01-08 09:00:00,905.23,19.496
2022-01-08 10:00:00,853.35,7.853
2022-01-08 11:00:00,879.68,14.798
2022-01-08 12:00:00,873.79,12.677
2022-01-08 13:00:00,889.81,19.355
2022-01-08 14:00:00,889.98,18.703
2022-01-08 15:00:00,841.05,5.102
2022-01-08 16:00:00,864.72,11.524
2022-01-08 17:00:00,891.65,17.512
2022-01-08 18:00:00,863.69,11.8
2022-01-08 19:00:00,866.17,12.6
2022-01-08 20:00:00,861.14,13.589
2022-01-08 21:00:00,878.97,16.823
2022-01-08 22:00:00,893.79,18.127
2022-01-08 23:00:00,856.74,12.141
2022-01-09 00:00:00,873.79,15.735
2022-01-09 01:00:00,850.09,9.574
2022-01-09 02:00:00,843.73,7.739
2022-01-09 03:00:00,879.21,14.036
2022-01-09 04:00:00,871.01,12.808
2022-01-09 05:00:00,869.5,15.933
2022-01-09 06:00:00,883.01,13.292
2022-01-09 07:00:00,878.57,13.846
2022-01-09 08:00:00,859.81,8.348
2022-01-09 09:00:00,843.46,8.011
2022-01-09 10:00:00,890.43,19.857
2022-01-09 11:00:00,872.23,12.806
2022-01-09 12:00:00,839.78,9.751
2022-01-09 13:00:00,849.36,6.13
2022-01-09 14:00:00,846.81,8.084
2022-01-09 15:00:00,869.12,9.503
2022-01-09 16:00:00,878.03,16.893
2022-01-09 17:00:00,888.59,17.466
2022-01-09 18:00:00,855.85,11.097
2022-01-09 19:00:00,900.37,22.522
2022-01-09 20:00:00,890.81,18.991
2022-01-09 21:00:00,858.33,11.861
2022-01-09 22:00:00,854.01,7.803
2022-01-09 23:00:00,841.73,7.778
2022-01-10 00:00:00,865.91,13.605
2022-01-10 01:00:00,863.66,10.183
2022-01-10 02:00:00,890.03,19.244
2022-01-10 03:00:00,854.42,10.739
2022-01-10 04:00:00,871.24,12.698
2022-01-10 05:00:00,883.14,19.356
2022-01-10 06:00:00,866.89,12.691
2022-01-10 07:00:00,885.25,19.104
2022-01-10 08:00:00,860.92,11.051
2022-01-10 09:00:00,879.71,16.806
2022-01-10 10:00:00,842.89,9.667
2022-01-10 11:00:00,847.18,8.532
2022-01-10 12:00:00,876.67,15.512
2022-01-10 13:00:00,904.22,21.252
2022-01-10 14:00:00,840.07,5.411
2022-01-10 15:00:00,870.87,11.968
2022-01-10 16:00:00,903.63,23.45
2022-01-10 17:00:00,875.73,15.503
2022-01-10 18:00:00,923.46,26.095
2022-01-10 19:00:00,878.19,11.804
2022-01-10 20:00:00,848.73,10.926
2022-01-10 21:00:00,871.08,12.506
2022-01-10 22:00:00,852.01,9.383
2022-01-10 23:00:00,901.93,21.955
2022-01-11 00:00:00,877.95,15.623
2022-01-11 01:00:00,899.67,21.383
2022-01-11 02:00:00,844.74,9.685
2022-01-11 03:00:00,889.29,16.128
2022-01-11 04:00:00,894.85,19.648
2022-01-11 05:00:00,881.22,18.122
2022-01-11 06:00:00,839.51,6.123
2022-01-11 07:00:00,866.46,12.434
2022-01-11 08:00:00,857.14,10.01
2022-01-11 09:00:00,844.35,5.411
2022-01-11 10:00:00,853.68,10.949
2022-01-11 11:00:00,879.71,15.471
2022-01-11 12:00:00,849.65,7.653
2022-01-11 13:00:00,866.74,12.684
2022-01-11 14:00:00,868.32,13.742
2022-01-11 15:00:00,888.67,16.095
2022-01-11 16:00:00,926.21,26.244
2022-01-11 17:00:00,887.25,19.496
2022-01-11 18:00:00,868.8,13.62
2022-01-11 19:00:00,907.32,23.747
2022-01-11 20:00:00,873.07,13.754
2022-01-11 21:00:00,888.23,15.496
2022-01-11 22:00:00,877.92,13.307
2022-01-11 23:00:00,878.24,12.561
2022-01-12 00:00:00,889.61,18.332
2022-01-12 01:00:00,889.93,16.678
2022-01-12 02:00:00,881.04,16.3
2022-01-12 03:00:00,852.3,7.29
2022-01-12 04:00:00,850.42,6.665
2022-01-12 05:00:00,861.27,13.735
2022-01-12 06:00:00,920.24,25.009
2022-01-12 07:00:00,850.63,9.165
2022-01-12 08:00:00,895.01,17.459
2022-01-12 09:00:00,891.31,19.483
2022-01-12 10:00:00,849.54,9.571
2022-01-12 11:00:00,870.03,14.822
2022-01-12 12:00:00,858.25,8.296
2022-01-12 13:00:00,861.47,14.748
2022-01-12 14:00:00,900.35,21.255
2022-01-12 15:00:00,905.91,21.957
2022-01-12 16:00:00,922.19,27.016
2022-01-12 17:00:00,908.99,24.014
2022-01-12 18:00:00,892.92,19.1
2022-01-12 19:00:00,919.75,23.752
2022-01-12 20:00:00,841.51,8.579
2022-01-12 21:00:00,862.01,10.163
2022-01-12 22:00:00,890.28,18.687
2022-01-12 23:00:00,854.7,9.096
2022-01-13 00:00:00,846.06,8.783
2022-01-13 01:00:00,913.85,22.505
2022-01-13 02:00:00,867.14,11.894
2022-01-13 03:00:00,900.8,18.981
2022-01-13 04:00:00,907.24,23.448
2022-01-13 05:00:00,925.46,26.408
2022-01-13 06:00:00,869.0,11.908
2022-01-13 07:00:00,857.54,9.313
2022-01-13 08:00:00,854.58,11.64
2022-01-13 09:00:00,918.72,23.735
2022-01-13 10:00:00,896.77,21.25
2022-01-13 11:00:00,869.53,9.942
2022-01-13 12:00:00,914.74,25.778
2022-01-13 13:00:00,868.28,14.828
2022-01-13 14:00:00,883.59,17.086
2022-01-13 15:00:00,889.19,20.3
2022-01-13 16:00:00,841.92,7.635
2022-01-13 17:00:00,876.6,14.042
2022-01-13 18:00:00,863.37,9.932
2022-01-13 19:00:00,924.23,25.773
2022-01-13 20:00:00,881.06,15.478
2022-01-13 21:00:00,847.53,8.955
2022-01-13 22:00:00,865.14,13.598
2022-01-13 23:00:00,878.94,12.648
2022-01-14 00:00:00,862.24,11.806
2022-01-14 01:00:00,918.5,27.005
2022-01-14 02:00:00,875.81,14.755
2022-01-14 03:00:00,840.92,9.385
2022-01-14 04:00:00,855.37,12.177
2022-01-14 05:00:00,871.37,12.633
2022-01-14 06:00:00,864.59,13.444
2022-01-14 07:00:00,887.74,16.936
2022-01-14 08:00:00,918.45,25.861
2022-01-14 09:00:00,862.54,12.668
2022-01-14 10:00:00,892.17,18.704
2022-01-14 11:00:00,838.54,6.985
2022-01-14 12:00:00,848.04,8.768
2022-01-14 13:00:00,856.79,10.774
2022-01-14 14:00:00,901.15,18.806
2022-01-14 15:00:00,869.09,13.755
2022-01-14 16:00:00,849.42,7.835
2022-01-14 17:00:00,887.77,15.209
2022-01-14 18:00:00,844.01,9.659
2022-01-14 19:00:00,883.34,15.194
2022-01-14 20:00:00,845.23,10.318
2022-01-14 21:00:00,870.15,12.596
2022-01-14 22:00:00,878.62,16.187
2022-01-14 23:00:00,896.2,17.482
2022-01-15 00:00:00,858.0,12.411
2022-01-15 01:00:00,866.3,14.327
2022-01-15 02:00:00,852.76,8.51
2022-01-15 03:00:00,859.61,11.803
2022-01-15 04:00:00,854.45,12.43
2022-01-15 05:00:00,859.11,10.748
2022-01-15 06:00:00,866.04,13.448
2022-01-15 07:00:00,855.82,9.684
2022-01-15 08:00:00,857.66,10.748
2022-01-15 09:00:00,882.82,14.444
2022-01-15 10:00:00,874.64,15.966
2022-01-15 11:00:00,867.22,9.607
2022-01-15 12:00:00,852.34,12.414
2022-01-15 13:00:00,869.46,9.489
2022-01-15 14:00:00,850.73,8.642
2022-01-15 15:00:00,860.83,12.418
2022-01-15 16:00:00,843.28,10.284
2022-01-15 17:00:00,880.57,14.205
2022-01-15 18:00:00,846.79,6.78
2022-01-15 19:00:00,868.72,13.602
2022-01-15 20:00:00,848.74,8.066
2022-01-15 21:00:00,847.94,6.971
2022-01-15 22:00:00,867.24,13.447
2022-01-15 23:00:00,912.74,23.757
2022-01-16 00:00:00,842.81,8.544
2022-01-16 01:00:00,865.77,13.85
2022-01-16 02:00:00,862.34,11.259
2022-01-16 03:00:00,878.91,14.451
2022-01-16 04:00:00,917.0,24.0
2022-01-16 05:00:00,852.21,7.648
2022-01-16 06:00:00,866.5,12.81
2022-01-16 07:00:00,861.67,11.238
2022-01-16 08:00:00,857.11,10.747
2022-01-16 09:00:00,848.71,10.343
2022-01-16 10:00:00,874.23,13.304
2022-01-16 11:00:00,860.69,11.627
2022-01-16 12:00:00,841.21,10.351
2022-01-16 13:00:00,889.74,19.428
2022-01-16 14:00:00,876.64,13.865
2022-01-16 15:00:00,848.79,7.054
2022-01-16 16:00:00,888.05,16.958
2022-01-16 17:00:00,878.98,14.471
2022-01-16 18:00:00,846.28,9.161
2022-01-16 19:00:00,920.05,24.006
2022-01-16 20:00:00,863.57,9.935
2022-01-16 21:00:00,855.67,10.718
2022-01-16 22:00:00,881.33,17.458
2022-01-16 23:00:00,883.87,18.292
2022-01-17 00:00:00,865.26,11.807
2022-01-17 01:00:00,889.54,15.267
2022-01-17 02:00:00,863.1,10.942
2022-01-17 03:00:00,859.72,12.129
2022-01-17 04:00:00,859.68,11.907
2022-01-17 05:00:00,845.37,7.959
2022-01-17 06:00:00,845.09,5.098
2022-01-17 07:00:00,852.73,8.521
2022-01-17 08:00:00,890.5,21.246
2022-01-17 09:00:00,890.4,17.107
2022-01-17 10:00:00,852.89,10.399
2022-01-17 11:00:00,887.41,16.53
2022-01-17 12:00:00,873.52,15.928
2022-01-17 13:00:00,872.54,16.243
2022-01-17 14:00:00,873.44,14.193
2022-01-17 15:00:00,861.82,9.562
2022-01-17 16:00:00,902.5,18.135
2022-01-17 17:00:00,834.64,6.979
2022-01-17 18:00:00,851.33,7.499
2022-01-17 19:00:00,882.79,15.497
2022-01-17 20:00:00,840.11,9.214
2022-01-17 21:00:00,869.0,10.173
2022-01-17 22:00:00,854.29,11.831
2022-01-17 23:00:00,838.7,5.078
2022-01-18 00:00:00,877.33,15.256
2022-01-18 01:00:00,863.51,9.185
2022-01-18 02:00:00,883.05,15.861
2022-01-18 03:00:00,874.08,14.986
2022-01-18 04:00:00,908.49,22.521
2022-01-18 05:00:00,860.19,9.936
2022-01-18 06:00:00,881.2,15.944
2022-01-18 07:00:00,886.58,16.075
2022-01-18 08:00:00,892.51,16.655
2022-01-18 09:00:00,847.98,5.094
2022-01-18 10:00:00,893.42,19.414
2022-01-18 11:00:00,918.46,23.989
2022-01-18 12:00:00,894.45,18.137
2022-01-18 13:00:00,843.89,8.395
2022-01-18 14:00:00,855.07,13.469
2022-01-18 15:00:00,874.78,15.608
2022-01-18 16:00:00,907.26,19.663
2022-01-18 17:00:00,917.69,23.765
2022-01-18 18:00:00,852.52,11.624
2022-01-18 19:00:00,872.13,13.764
2022-01-18 20:00:00,873.87,14.964
2022-01-18 21:00:00,858.24,8.331
2022-01-18 22:00:00,853.06,10.295
2022-01-18 23:00:00,888.79,18.718
2022-01-19 00:00:00,851.21,10.049
2022-01-19 01:00:00,898.13,21.271
2022-01-19 02:00:00,891.09,16.565
2022-01-19 03:00:00,922.92,26.263
2022-01-19 04:00:00,893.55,23.09
2022-01-19 05:00:00,889.27,16.216
2022-01-19 06:00:00,862.03,10.934
2022-01-19 07:00:00,862.82,12.765
2022-01-19 08:00:00,872.08,14.983
2022-01-19 09:00:00,892.3,19.107
2022-01-19 10:00:00,886.29,19.356
2022-01-19 11:00:00,857.24,10.758
2022-01-19 12:00:00,873.4,14.51
2022-01-19 13:00:00,908.69,19.007
2022-01-19 14:00:00,852.75,9.571
2022-01-19 15:00:00,886.82,18.745
2022-01-19 16:00:00,886.06,16.533
2022-01-19 17:00:00,877.71,14.751
2022-01-19 18:00:00,874.26,17.327
2022-01-19 19:00:00,882.05,15.658
2022-01-19 20:00:00,923.73,26.092
2022-01-19 21:00:00,902.88,23.102
2022-01-19 22:00:00,887.76,16.956
2022-01-19 23:00:00,859.01,14.33
2022-01-20 00:00:00,884.5,14.412
2022-01-20 01:00:00,869.58,11.64
2022-01-20 02:00:00,896.43,20.001
2022-01-20 03:00:00,851.06,9.206
2022-01-20 04:00:00,889.79,17.455
2022-01-20 05:00:00,882.77,18.289
2022-01-20 06:00:00,846.49,10.025
2022-01-20 07:00:00,889.19,18.121
2022-01-20 08:00:00,866.71,12.776
2022-01-20 09:00:00,903.78,21.375
2022-01-20 10:00:00,905.02,21.952
2022-01-20 11:00:00,861.89,13.958
2022-01-20 12:00:00,869.17,12.588
2022-01-20 13:00:00,909.53,24.244
2022-01-20 14:00:00,864.86,10.722
2022-01-20 15:00:00,844.99,7.416
2022-01-20 16:00:00,873.93,14.414
2022-01-20 17:00:00,895.52,19.359
2022-01-20 18:00:00,893.11,19.209
2022-01-20 19:00:00,898.81,19.104
2022-01-20 20:00:00,904.85,21.958
2022-01-20 21:00:00,872.23,14.092
2022-01-20 22:00:00,856.42,10.778
2022-01-20 23:00:00,848.03,10.287
2022-01-21 00:00:00,887.68,17.166
2022-01-21 01:00:00,880.88,14.437
2022-01-21 02:00:00,902.06,21.236
2022-01-21 03:00:00,891.24,19.353
2022-01-21 04:00:00,864.1,11.888
2022-01-21 05:00:00,845.69,6.667
2022-01-21 06:00:00,899.15,21.376
2022-01-21 07:00:00,848.3,9.817
2022-01-21 08:00:00,860.44,13.596
2022-01-21 09:00:00,904.2,21.266
2022-01-21 10:00:00,923.2,25.792
2022-01-21 11:00:00,870.33,14.954
2022-01-21 12:00:00,863.5,9.057
2022-01-21 13:00:00,886.29,18.124
2022-01-21 14:00:00,877.24,14.107
2022-01-21 15:00:00,862.44,11.619
2022-01-21 16:00:00,856.0,12.198
2022-01-21 17:00:00,876.99,16.036
2022-01-21 18:00:00,885.53,16.652
2022-01-21 19:00:00,872.27,14.993
2022-01-21 20:00:00,845.41,10.085
2022-01-21 21:00:00,887.35,16.95
2022-01-21 22:00:00,918.14,24.993
2022-01-21 23:00:00,890.58,18.14
2022-01-22 00:00:00,892.11,18.74
2022-01-22 01:00:00,886.65,19.093
2022-01-22 02:00:00,905.13,22.555
2022-01-22 03:00:00,868.67,13.595
2022-01-22 04:00:00,863.86,10.59
2022-01-22 05:00:00,854.71,7.645
2022-01-22 06:00:00,878.29,15.941
2022-01-22 07:00:00,878.09,14.805
2022-01-22 08:00:00,879.15,16.826
2022-01-22 09:00:00,844.57,10.197
2022-01-22 10:00:00,890.08,16.043
2022-01-22 11:00:00,864.31,12.799
2022-01-22 12:00:00,860.84,10.179
2022-01-22 13:00:00,899.05,21.256
2022-01-22 14:00:00,878.89,16.607
2022-01-22 15:00:00,892.81,17.459
2022-01-22 16:00:00,915.62,23.993
2022-01-22 17:00:00,875.64,15.981
2022-01-22 18:00:00,911.73,23.078
2022-01-22 19:00:00,892.0,19.075
2022-01-22 20:00:00,908.23,23.756
2022-01-22 21:00:00,892.28,18.12
2022-01-22 22:00:00,920.66,25.017
2022-01-22 23:00:00,901.43,21.238
2022-01-23 00:00:00,871.96,13.809
2022-01-23 01:00:00,890.91,19.366
2022-01-23 02:00:00,873.98,11.862
2022-01-23 03:00:00,890.36,19.639
2022-01-23 04:00:00,873.22,14.303
2022-01-23 05:00:00,854.37,10.937
2022-01-23 06:00:00,843.95,10.287
2022-01-23 07:00:00,858.05,12.837
2022-01-23 08:00:00,868.72,13.756
2022-01-23 09:00:00,895.8,20.279
2022-01-23 10:00:00,922.41,26.565
2022-01-23 11:00:00,883.75,15.207
2022-01-23 12:00:00,923.81,26.249
2022-01-23 13:00:00,853.02,8.447
2022-01-23 14:00:00,855.15,10.593
2022-01-23 15:00:00,889.82,18.694
2022-01-23 16:00:00,856.98,9.75
2022-01-23 17:00:00,894.91,22.52
2022-01-23 18:00:00,853.11,7.504
2022-01-23 19:00:00,863.56,10.585
2022-01-23 20:00:00,869.55,13.645
2022-01-23 21:00:00,881.3,15.616
2022-01-23 22:00:00,842.75,5.808
2022-01-23 23:00:00,868.43,13.788
2022-01-24 00:00:00,887.47,18.791
2022-01-24 01:00:00,890.01,18.97
2022-01-24 02:00:00,872.26,12.637
2022-01-24 03:00:00,847.16,9.096
2022-01-24 04:00:00,914.13,25.0
2022-01-24 05:00:00,846.17,10.018
2022-01-24 06:00:00,868.01,11.633
2022-01-24 07:00:00,870.12,16.027
2022-01-24 08:00:00,844.17,8.788
2022-01-24 09:00:00,847.58,8.639
2022-01-24 10:00:00,928.17,26.245
2022-01-24 11:00:00,877.85,14.435
2022-01-24 12:00:00,866.95,11.375
2022-01-24 13:00:00,853.28,10.302
2022-01-24 14:00:00,850.43,8.265
2022-01-24 15:00:00,853.88,7.75
2022-01-24 16:00:00,866.48,13.741
2022-01-24 17:00:00,911.34,23.752
2022-01-24 18:00:00,863.57,9.506
2022-01-24 19:00:00,852.68,7.827
2022-01-24 20:00:00,882.69,18.735
2022-01-24 21:00:00,849.06,11.498
2022-01-24 22:00:00,907.18,23.096
2022-01-24 23:00:00,907.47,21.255
2022-01-25 00:00:00,885.26,18.129
2022-01-25 01:00:00,907.17,21.247
2022-01-25 02:00:00,858.97,10.791
2022-01-25 03:00:00,879.53,16.243
2022-01-25 04:00:00,878.37,13.743
2022-01-25 05:00:00,914.81,26.253
2022-01-25 06:00:00,853.48,11.617
2022-01-25 07:00:00,849.82,7.445
2022-01-25 08:00:00,889.21,18.748
2022-01-25 09:00:00,843.09,10.428
2022-01-25 10:00:00,856.95,9.686
2022-01-25 11:00:00,843.03,10.022
2022-01-25 12:00:00,854.34,9.392
2022-01-25 13:00:00,877.14,14.517
2022-01-25 14:00:00,864.55,13.584
2022-01-25 15:00:00,879.2,16.096
2022-01-25 16:00:00,868.28,11.908
2022-01-25 17:00:00,901.5,22.508
2022-01-25 18:00:00,887.35,16.959
2022-01-25 19:00:00,879.75,16.563
2022-01-25 20:00:00,859.36,6.635
2022-01-25 21:00:00,870.45,11.825
2022-01-25 22:00:00,854.62,9.565
2022-01-25 23:00:00,850.16,8.583
2022-01-26 00:00:00,876.82,13.861
2022-01-26 01:00:00,880.16,16.959
2022-01-26 02:00:00,846.83,8.939
2022-01-26 03:00:00,866.99,10.537
2022-01-26 04:00:00,886.11,18.146
2022-01-26 05:00:00,866.94,13.815
2022-01-26 06:00:00,881.21,15.257
2022-01-26 07:00:00,852.63,9.938
2022-01-26 08:00:00,912.65,24.963
2022-01-26 09:00:00,917.86,23.757
2022-01-26 10:00:00,863.63,12.67
2022-01-26 11:00:00,904.43,21.944
2022-01-26 12:00:00,897.58,19.646
2022-01-26 13:00:00,865.82,12.854
2022-01-26 14:00:00,924.91,25.76
2022-01-26 15:00:00,922.75,25.768
2022-01-26 16:00:00,889.8,19.422
2022-01-26 17:00:00,876.26,14.792
2022-01-26 18:00:00,856.48,13.479
2022-01-26 19:00:00,894.3,16.953
2022-01-26 20:00:00,886.65,16.611
2022-01-26 21:00:00,851.14,9.991
2022-01-26 22:00:00,896.42,18.988
2022-01-26 23:00:00,900.14,19.008
2022-01-27 00:00:00,873.28,14.394
2022-01-27 01:00:00,860.38,11.656
2022-01-27 02:00:00,865.02,10.0
2022-01-27 03:00:00,896.74,20.289
2022-01-27 04:00:00,872.83,14.8
2022-01-27 05:00:00,888.86,17.263
2022-01-27 06:00:00,875.46,13.75
2022-01-27 07:00:00,897.0,23.103
2022-01-27 08:00:00,883.36,15.212
2022-01-27 09:00:00,885.63,15.506
2022-01-27 10:00:00,909.79,20.241
2022-01-27 11:00:00,887.89,16.052
2022-01-27 12:00:00,865.12,13.768
2022-01-27 13:00:00,854.35,8.379
2022-01-27 14:00:00,855.61,9.319
2022-01-27 15:00:00,909.42,23.085
2022-01-27 16:00:00,895.86,20.099
2022-01-27 17:00:00,885.58,16.56
2022-01-27 18:00:00,864.98,9.93
2022-01-27 19:00:00,860.93,12.076
2022-01-27 20:00:00,856.11,10.294
2022-01-27 21:00:00,875.97,12.749
2022-01-27 22:00:00,868.04,13.521
2022-01-27 23:00:00,883.12,17.272
2022-01-28 00:00:00,867.4,14.202
2022-01-28 01:00:00,911.84,23.992
2022-01-28 02:00:00,868.76,13.459
2022-01-28 03:00:00,851.46,10.797
2022-01-28 04:00:00,859.69,11.967
2022-01-28 05:00:00,879.45,14.11
2022-01-28 06:00:00,893.38,20.613
2022-01-28 07:00:00,876.45,15.35
2022-01-28 08:00:00,874.18,15.738
2022-01-28 09:00:00,872.09,13.599
2022-01-28 10:00:00,926.4,26.241
2022-01-28 11:00:00,867.3,12.497
2022-01-28 12:00:00,873.72,13.734
2022-01-28 13:00:00,918.81,27.007
2022-01-28 14:00:00,862.41,10.78
2022-01-28 15:00:00,892.61,20.296
2022-01-28 16:00:00,858.71,8.651
2022-01-28 17:00:00,856.89,9.933
2022-01-28 18:00:00,885.89,15.506
2022-01-28 19:00:00,877.59,12.719
2022-01-28 20:00:00,854.37,10.774
2022-01-28 21:00:00,849.74,9.051
2022-01-28 22:00:00,872.55,14.841
2022-01-28 23:00:00,874.28,14.439
2022-01-29 00:00:00,895.6,16.957
2022-01-29 01:00:00,853.76,10.01
2022-01-29 02:00:00,881.09,14.792
2022-01-29 03:00:00,875.12,12.673
2022-01-29 04:00:00,899.56,21.237
2022-01-29 05:00:00,869.3,12.84
2022-01-29 06:00:00,879.43,15.611
2022-01-29 07:00:00,882.98,17.449
2022-01-29 08:00:00,844.27,8.993
2022-01-29 09:00:00,847.83,9.482
2022-01-29 10:00:00,869.26,11.505
2022-01-29 11:00:00,855.45,10.757
2022-01-29 12:00:00,849.99,9.657
2022-01-29 13:00:00,856.91,12.092
2022-01-29 14:00:00,855.77,8.261
2022-01-29 15:00:00,848.85,9.683
2022-01-29 16:00:00,881.75,13.299
2022-01-29 17:00:00,858.17,10.733
2022-01-29 18:00:00,890.41,17.453
2022-01-29 19:00:00,901.04,18.991
2022-01-29 20:00:00,830.64,9.374
2022-01-29 21:00:00,896.33,18.784
2022-01-29 22:00:00,860.46,11.851
2022-01-29 23:00:00,878.01,15.512
2022-01-30 00:00:00,884.18,15.351
2022-01-30 01:00:00,857.71,8.302
2022-01-30 02:00:00,869.91,12.613
2022-01-30 03:00:00,910.92,23.75
2022-01-30 04:00:00,864.29,12.671
2022-01-30 05:00:00,850.72,7.95
2022-01-30 06:00:00,850.0,8.031
2022-01-30 07:00:00,880.61,17.452
2022-01-30 08:00:00,844.74,7.848
2022-01-30 09:00:00,848.68,6.129
2022-01-30 10:00:00,857.64,12.173
2022-01-30 11:00:00,889.39,16.562
2022-01-30 12:00:00,879.34,14.747
2022-01-30 13:00:00,853.27,10.407
2022-01-30 14:00:00,898.22,18.716
2022-01-30 15:00:00,872.62,15.313
2022-01-30 16:00:00,878.81,15.985
2022-01-30 17:00:00,854.95,9.51
2022-01-30 18:00:00,883.04,17.502
2022-01-30 19:00:00,889.15,15.188
2022-01-30 20:00:00,893.06,17.503
2022-01-30 21:00:00,853.87,9.7
2022-01-30 22:00:00,881.25,16.953
2022-01-30 23:00:00,866.11,13.615
2022-01-31 00:00:00,902.19,19.022
2022-01-31 01:00:00,920.08,25.018
2022-01-31 02:00:00,866.11,13.438
2022-01-31 03:00:00,834.52,10.025
2022-01-31 04:00:00,895.18,19.079
2022-01-31 05:00:00,924.49,24.996
2022-01-31 06:00:00,855.98,10.608
2022-01-31 07:00:00,865.36,12.747
2022-01-31 08:00:00,859.42,11.061
2022-01-31 09:00:00,850.96,9.61
2022-01-31 10:00:00,859.41,12.431
2022-01-31 11:00:00,859.69,10.782
2022-01-31 12:00:00,922.23,27.007
2022-01-31 13:00:00,886.85,18.138
2022-01-31 14:00:00,859.57,11.983
2022-01-31 15:00:00,874.42,14.47
2022-01-31 16:00:00,840.46,5.406
2022-01-31 17:00:00,858.65,10.541
2022-01-31 18:00:00,889.58,18.139
2022-01-31 19:00:00,845.55,8.507
2022-01-31 20:00:00,863.64,8.267
2022-01-31 21:00:00,926.1,27.012
2022-01-31 22:00:00,849.6,6.786
2022-01-31 23:00:00,852.36,9.403
2022-02-01 00:00:00,909.04,23.445
2022-02-01 01:00:00,873.47,15.475
2022-02-01 02:00:00,855.39,10.02
2022-02-01 03:00:00,875.54,12.51
2022-02-01 04:00:00,862.53,11.798
2022-02-01 05:00:00,867.14,9.597
2022-02-01 06:00:00,884.76,18.284
2022-02-01 07:00:00,847.59,7.954
2022-02-01 08:00:00,857.43,13.603
2022-02-01 09:00:00,905.04,23.08
2022-02-01 10:00:00,872.69,12.687
2022-02-01 11:00:00,891.51,17.442
2022-02-01 12:00:00,852.3,12.404
2022-02-01 13:00:00,871.98,13.744
2022-02-01 14:00:00,848.65,10.725
2022-02-01 15:00:00,843.48,8.678
2022-02-01 16:00:00,881.68,14.816
2022-02-01 17:00:00,873.2,13.741
2022-02-01 18:00:00,899.0,20.284
2022-02-01 19:00:00,920.67,26.247
2022-02-01 20:00:00,840.92,9.416
2022-02-01 21:00:00,848.2,8.201
2022-02-01 22:00:00,888.68,18.139
2022-02-01 23:00:00,885.88,15.687
2022-02-02 00:00:00,867.98,12.511
2022-02-02 01:00:00,896.33,18.7
2022-02-02 02:00:00,854.98,7.312
2022-02-02 03:00:00,848.42,9.682
2022-02-02 04:00:00,858.92,11.808
2022-02-02 05:00:00,895.58,19.999
2022-02-02 06:00:00,851.16,11.635
2022-02-02 07:00:00,875.88,13.751
2022-02-02 08:00:00,923.63,27.001
2022-02-02 09:00:00,898.4,18.793
2022-02-02 10:00:00,881.26,16.846
2022-02-02 11:00:00,880.65,15.963
2022-02-02 12:00:00,869.87,13.76
2022-02-02 13:00:00,881.72,15.843
2022-02-02 14:00:00,861.34,13.767
2022-02-02 15:00:00,843.23,7.649
2022-02-02 16:00:00,878.27,16.832
2022-02-02 17:00:00,854.44,10.749
2022-02-02 18:00:00,908.64,23.098
2022-02-02 19:00:00,884.07,15.348
2022-02-02 20:00:00,918.19,25.788
2022-02-02 21:00:00,849.61,10.057
2022-02-02 22:00:00,907.73,21.361
2022-02-02 23:00:00,857.28,10.404
2022-02-03 00:00:00,884.12,16.651
2022-02-03 01:00:00,883.28,16.959
2022-02-03 02:00:00,844.66,8.715
2022-02-03 03:00:00,858.23,10.916
2022-02-03 04:00:00,843.26,7.641
2022-02-03 05:00:00,860.73,9.941
2022-02-03 06:00:00,863.12,12.081
2022-02-03 07:00:00,876.54,16.26
2022-02-03 08:00:00,893.72,18.756
2022-02-03 09:00:00,869.49,16.01
2022-02-03 10:00:00,838.64,8.504
2022-02-03 11:00:00,884.61,14.471
2022-02-03 12:00:00,900.51,22.514
2022-02-03 13:00:00,887.12,19.37
2022-02-03 14:00:00,892.81,16.621
2022-02-03 15:00:00,894.65,19.012
2022-02-03 16:00:00,899.33,23.094
2022-02-03 17:00:00,840.06,5.432
2022-02-03 18:00:00,866.87,13.435
2022-02-03 19:00:00,892.07,19.495
2022-02-03 20:00:00,868.37,13.459
2022-02-03 21:00:00,863.85,12.409
2022-02-03 22:00:00,853.43,9.572
2022-02-03 23:00:00,855.54,10.323
2022-02-04 00:00:00,898.06,23.459
2022-02-04 01:00:00,867.32,9.536
2022-02-04 02:00:00,868.6,12.511
2022-02-04 03:00:00,855.85,10.008
2022-02-04 04:00:00,844.03,10.343
2022-02-04 05:00:00,850.9,10.224
2022-02-04 06:00:00,902.53,19.131
2022-02-04 07:00:00,878.31,15.667
2022-02-04 08:00:00,859.74,13.433
2022-02-04 09:00:00,888.97,19.849
2022-02-04 10:00:00,850.84,8.26
2022-02-04 11:00:00,859.1,10.778
2022-02-04 12:00:00,892.3,16.563
2022-02-04 13:00:00,860.66,12.666
2022-02-04 14:00:00,903.66,21.259
2022-02-04 15:00:00,888.55,19.263
2022-02-04 16:00:00,872.11,12.849
2022-02-04 17:00:00,882.74,16.287
2022-02-04 18:00:00,896.19,16.902
2022-02-04 19:00:00,864.86,12.078
2022-02-04 20:00:00,852.42,11.831
2022-02-04 21:00:00,848.31,10.748
2022-02-04 22:00:00,911.52,26.568
2022-02-04 23:00:00,890.32,16.904
2022-02-05 00:00:00,886.09,15.103
2022-02-05 01:00:00,890.0,15.681
2022-02-05 02:00:00,886.52,16.632
2022-02-05 03:00:00,881.29,14.989
2022-02-05 04:00:00,888.31,16.88
2022-02-05 05:00:00,905.02,19.414
2022-02-05 06:00:00,917.97,25.783
2022-02-05 07:00:00,847.17,9.692
2022-02-05 08:00:00,873.22,13.603
2022-02-05 09:00:00,893.93,17.443
2022-02-05 10:00:00,907.84,21.375
2022-02-05 11:00:00,870.48,13.444
2022-02-05 12:00:00,852.13,10.158
2022-02-05 13:00:00,846.31,8.217
2022-02-05 14:00:00,902.24,20.291
2022-02-05 15:00:00,898.76,21.238
2022-02-05 16:00:00,876.99,15.636
2022-02-05 17:00:00,885.57,18.739
2022-02-05 18:00:00,856.01,12.143
2022-02-05 19:00:00,877.05,15.0
2022-02-05 20:00:00,848.08,9.577
2022-02-05 21:00:00,877.88,15.521
2022-02-05 22:00:00,878.44,15.517
2022-02-05 23:00:00,896.76,20.092
2022-02-06 00:00:00,858.53,10.922
2022-02-06 01:00:00,854.88,8.778
2022-02-06 02:00:00,874.43,14.473
2022-02-06 03:00:00,858.81,11.967
2022-02-06 04:00:00,842.54,10.353
2022-02-06 05:00:00,919.0,25.811
2022-02-06 06:00:00,843.62,5.794
2022-02-06 07:00:00,890.6,16.561
2022-02-06 08:00:00,863.2,11.832
2022-02-06 09:00:00,850.1,9.184
2022-02-06 10:00:00,895.42,20.083
2022-02-06 11:00:00,872.75,14.992
2022-02-06 12:00:00,849.42,9.867
2022-02-06 13:00:00,870.27,14.098
2022-02-06 14:00:00,867.25,11.861
2022-02-06 15:00:00,870.52,15.476
2022-02-06 16:00:00,906.2,21.263
2022-02-06 17:00:00,865.03,14.835
2022-02-06 18:00:00,857.78,12.428
2022-02-06 19:00:00,845.47,7.312
2022-02-06 20:00:00,891.85,21.263
2022-02-06 21:00:00,919.93,25.001
2022-02-06 22:00:00,880.59,15.747
2022-02-06 23:00:00,867.68,12.433
2022-02-07 00:00:00,841.22,8.379
2022-02-07 01:00:00,916.66,25.775
2022-02-07 02:00:00,845.61,9.225
2022-02-07 03:00:00,876.76,15.67
2022-02-07 04:00:00,886.54,18.115
2022-02-07 05:00:00,869.67,13.449
2022-02-07 06:00:00,856.61,11.851
2022-02-07 07:00:00,846.44,8.762
2022-02-07 08:00:00,895.7,19.651
2022-02-07 09:00:00,867.02,14.31
2022-02-07 10:00:00,871.06,12.659
2022-02-07 11:00:00,859.27,12.423
2022-02-07 12:00:00,882.37,12.687
2022-02-07 13:00:00,910.75,23.766
2022-02-07 14:00:00,898.16,18.98
2022-02-07 15:00:00,883.04,19.22
2022-02-07 16:00:00,849.28,7.649
2022-02-07 17:00:00,881.79,17.14
2022-02-07 18:00:00,851.18,7.976
2022-02-07 19:00:00,867.74,14.268
2022-02-07 20:00:00,896.17,18.968
2022-02-07 21:00:00,882.04,16.825
2022-02-07 22:00:00,886.18,16.551
2022-02-07 23:00:00,904.78,22.52
2022-02-08 00:00:00,847.29,9.115
2022-02-08 01:00:00,882.36,15.92
2022-02-08 02:00:00,836.9,10.031
2022-02-08 03:00:00,899.13,19.257
2022-02-08 04:00:00,861.11,11.82
2022-02-08 05:00:00,852.7,10.759
2022-02-08 06:00:00,852.24,11.997
2022-02-08 07:00:00,874.74,15.509
2022-02-08 08:00:00,851.26,10.735
2022-02-08 09:00:00,885.98,15.494
2022-02-08 10:00:00,883.87,18.75
2022-02-08 11:00:00,874.41,15.524
2022-02-08 12:00:00,887.27,14.862
2022-02-08 13:00:00,869.34,15.745
2022-02-08 14:00:00,904.99,23.75
2022-02-08 15:00:00,854.88,9.156
2022-02-08 16:00:00,904.09,23.095
2022-02-08 17:00:00,881.0,17.348
2022-02-08 18:00:00,885.65,17.513
2022-02-08 19:00:00,875.2,15.668
2022-02-08 20:00:00,874.29,15.821
2022-02-08 21:00:00,887.41,18.146
2022-02-08 22:00:00,896.46,19.831
2022-02-08 23:00:00,926.62,27.003
2022-02-09 00:00:00,886.52,15.664
2022-02-09 01:00:00,896.65,18.726
2022-02-09 02:00:00,884.3,15.356
2022-02-09 03:00:00,873.83,15.637
2022-02-09 04:00:00,851.29,8.802
2022-02-09 05:00:00,862.38,11.948
2022-02-09 06:00:00,847.76,8.583
2022-02-09 07:00:00,888.3,18.121
2022-02-09 08:00:00,854.02,7.647
2022-02-09 09:00:00,855.19,10.756
2022-02-09 10:00:00,834.86,8.402
2022-02-09 11:00:00,870.26,13.655
2022-02-09 12:00:00,840.08,6.64
2022-02-09 13:00:00,898.16,20.277
2022-02-09 14:00:00,886.67,19.487
2022-02-09 15:00:00,885.32,16.611
2022-02-09 16:00:00,868.5,9.513
2022-02-09 17:00:00,870.81,14.978
2022-02-09 18:00:00,858.52,9.944
2022-02-09 19:00:00,908.25,23.466
2022-02-09 20:00:00,898.27,17.813
2022-02-09 21:00:00,874.89,15.348
2022-02-09 22:00:00,861.15,10.023
2022-02-09 23:00:00,883.59,15.668
2022-02-10 00:00:00,872.97,13.589
2022-02-10 01:00:00,861.71,12.177
2022-02-10 02:00:00,873.98,13.84
2022-02-10 03:00:00,927.03,26.0
2022-02-10 04:00:00,865.14,14.102
2022-02-10 05:00:00,897.96,20.078
2022-02-10 06:00:00,898.48,19.832
2022-02-10 07:00:00,881.73,18.138
2022-02-10 08:00:00,865.68,11.794
2022-02-10 09:00:00,848.43,7.076
2022-02-10 10:00:00,863.27,12.811
2022-02-10 11:00:00,893.05,17.453
2022-02-10 12:00:00,840.49,9.66
2022-02-10 13:00:00,917.51,25.781
2022-02-10 14:00:00,857.94,12.429
2022-02-10 15:00:00,897.45,19.661
2022-02-10 16:00:00,875.04,15.251
2022-02-10 17:00:00,876.02,15.957
2022-02-10 18:00:00,869.96,15.29
2022-02-10 19:00:00,902.76,21.24
2022-02-10 20:00:00,867.61,12.515
2022-02-10 21:00:00,874.38,14.105
2022-02-10 22:00:00,869.79,14.201
2022-02-10 23:00:00,899.59,22.526
2022-02-11 00:00:00,862.19,9.659
2022-02-11 01:00:00,895.6,17.491
2022-02-11 02:00:00,869.83,11.514
2022-02-11 03:00:00,844.0,6.99
2022-02-11 04:00:00,864.62,11.896
2022-02-11 05:00:00,902.6,22.515
2022-02-11 06:00:00,872.38,11.984
2022-02-11 07:00:00,892.07,20.072
2022-02-11 08:00:00,905.28,21.259
2022-02-11 09:00:00,907.85,23.112
2022-02-11 10:00:00,860.64,8.807
2022-02-11 11:00:00,902.07,18.998
2022-02-11 12:00:00,848.53,10.09
2022-02-11 13:00:00,857.79,9.473
2022-02-11 14:00:00,849.08,8.005
2022-02-11 15:00:00,851.16,9.665
2022-02-11 16:00:00,853.59,9.681
2022-02-11 17:00:00,865.18,12.636
2022-02-11 18:00:00,889.61,15.821
2022-02-11 19:00:00,895.44,16.187
2022-02-11 20:00:00,870.61,13.462
2022-02-11 21:00:00,888.67,20.298
2022-02-11 22:00:00,855.31,9.843
2022-02-11 23:00:00,869.52,14.396
2022-02-12 00:00:00,852.46,12.413
2022-02-12 01:00:00,855.14,10.937
2022-02-12 02:00:00,853.85,10.758
2022-02-12 03:00:00,888.25,15.64
2022-02-12 04:00:00,879.84,14.809
2022-02-12 05:00:00,884.16,19.341
2022-02-12 06:00:00,839.04,8.791
2022-02-12 07:00:00,887.31,15.962
2022-02-12 08:00:00,855.97,8.031
2022-02-12 09:00:00,847.53,6.983
2022-02-12 10:00:00,845.57,8.248
2022-02-12 11:00:00,877.79,14.405
2022-02-12 12:00:00,850.22,9.186
2022-02-12 13:00:00,858.66,10.178
2022-02-12 14:00:00,843.05,8.576
2022-02-12 15:00:00,845.28,7.078
2022-02-12 16:00:00,876.52,16.028
2022-02-12 17:00:00,839.3,8.41
2022-02-12 18:00:00,922.57,26.583
2022-02-12 19:00:00,879.3,14.734
2022-02-12 20:00:00,894.11,17.095
2022-02-12 21:00:00,926.95,26.984
